tipo;nome;codigo;unidade;valor_unitario;descricao
servico;GESTÃO E MANUTENÇÃO DAS UNIDADES CONSUMIDORAS, CLASSIFICADAS COMO ILUMINAÇÃO PÚBLICA - PREÇO UNITÁRIO POR PONTO LUMINOSO.;1.1;UN;5,7500;Grupo orçamento: SERVIÇOS DE MANUTENÇÃO DO SISTEMA DE ILUMINAÇÃO PÚBLICA
servico;ABERTURA DE CAVA EM TERRENO NORMAL;2.1;UN;92,5100;Grupo orçamento: SERVIÇOS DE GESTÃO DO SISTEMA DE ILUMINAÇÃO PÚBLICA
servico;ABERTURA E FECHAMENTO DE VALA, LARGURA 40CM E PROFUNDIDADE 60 CM;2.2;UN;50,6900;Grupo orçamento: SERVIÇOS DE GESTÃO DO SISTEMA DE ILUMINAÇÃO PÚBLICA
servico;CADASTRO DE PONTO DE ILUMINAÇÃO PÚBLICA COM GEORREFERENCIAMENTO;2.3;UN;6,1000;Grupo orçamento: SERVIÇOS DE GESTÃO DO SISTEMA DE ILUMINAÇÃO PÚBLICA
servico;CONCRETAGEM DE DUTOS OU CABOS;2.4;M;33,8500;Grupo orçamento: SERVIÇOS DE GESTÃO DO SISTEMA DE ILUMINAÇÃO PÚBLICA
servico;DESCARTE DE LÂMPADAS DE ACORDO COM A LEGISLTAÇÃO AMBIENTAL VIGENTE;2.5;UN;3,5900;Grupo orçamento: SERVIÇOS DE GESTÃO DO SISTEMA DE ILUMINAÇÃO PÚBLICA
servico;EXECUÇÃO DE ATERRAMENTO SIMPLES;2.6;UN;27,3100;Grupo orçamento: SERVIÇOS DE GESTÃO DO SISTEMA DE ILUMINAÇÃO PÚBLICA
servico;EXECUÇÃO DE BASE ENGASTADA COM TUBO DE CONCRETO PARA POSTES DE ATÉ 10M DE ALTURA;2.7;UN;216,3400;Grupo orçamento: SERVIÇOS DE GESTÃO DO SISTEMA DE ILUMINAÇÃO PÚBLICA
servico;EXECUÇÃO DE BASE ENGASTADA COM TUBO DE CONCRETO PARA POSTES DE 11M ATÉ 15M DE ALTURA;2.8;UN;740,2800;Grupo orçamento: SERVIÇOS DE GESTÃO DO SISTEMA DE ILUMINAÇÃO PÚBLICA
servico;FECHAMENTO DE CAVA;2.9;UN;148,9600;Grupo orçamento: SERVIÇOS DE GESTÃO DO SISTEMA DE ILUMINAÇÃO PÚBLICA
servico;IDENTIFICAÇÃO DE ILUMINAÇÃO COM PLAQUETA DE ALUMÍNIO;2.10;UN;9,5400;Grupo orçamento: SERVIÇOS DE GESTÃO DO SISTEMA DE ILUMINAÇÃO PÚBLICA
servico;INSTALAÇÃO DE CONDUTOR PARA ATERRAMENTO;2.11;M;7,7300;Grupo orçamento: SERVIÇOS DE GESTÃO DO SISTEMA DE ILUMINAÇÃO PÚBLICA
servico;INSTALAÇÃO DE CAIXA DE CONCRETO PRÉ-FABRICADA COM TAMPA, DIMENSÕES DE 40X40X40CM;2.12;UN;420,7300;Grupo orçamento: SERVIÇOS DE GESTÃO DO SISTEMA DE ILUMINAÇÃO PÚBLICA
servico;INSTALAÇÃO DE CAIXA DE CONCRETO PRÉ-FABRICADA, DIMENSÕES DE 65CM;2.13;UN;382,7800;Grupo orçamento: SERVIÇOS DE GESTÃO DO SISTEMA DE ILUMINAÇÃO PÚBLICA
servico;INSTALAÇÃO DE CHAVE DE COMANDO PARA ILUMINAÇÃO PÚBLICA;2.14;UN;16,9200;Grupo orçamento: SERVIÇOS DE GESTÃO DO SISTEMA DE ILUMINAÇÃO PÚBLICA
servico;INSTALAÇÃO DE CONDUTORES DE BAIXA TENSÃO AÉREOS DE BITOLA ATÉ 70 MM2;2.15;M;0,2100;Grupo orçamento: SERVIÇOS DE GESTÃO DO SISTEMA DE ILUMINAÇÃO PÚBLICA
servico;INSTALAÇÃO DE CONDUTORES DE BAIXA TENSÃO, EMBUTIDOS EM ELETRODUTOS OU ENTERRADOS, DE BITOLA ATÉ 70 MM2;2.16;M;6,7100;Grupo orçamento: SERVIÇOS DE GESTÃO DO SISTEMA DE ILUMINAÇÃO PÚBLICA
servico;INSTALAÇÃO DE CORDA LUMINOSA COM DIÂMETRO ATÉ 13MM;2.17;M;9,7000;Grupo orçamento: SERVIÇOS DE GESTÃO DO SISTEMA DE ILUMINAÇÃO PÚBLICA
servico;INSTALAÇÃO DE CORDÃO COM 100 MICRO LÂMPADAS;2.18;UN;9,7000;Grupo orçamento: SERVIÇOS DE GESTÃO DO SISTEMA DE ILUMINAÇÃO PÚBLICA
servico;INSTALAÇÃO DE CRUZETA PARA INSTALAÇÃO DE PROJETORES;2.19;UN;80,4800;Grupo orçamento: SERVIÇOS DE GESTÃO DO SISTEMA DE ILUMINAÇÃO PÚBLICA
servico;INSTALAÇÃO DE ESTRUTURA DE MT (15KV);2.20;UN;107,7600;Grupo orçamento: SERVIÇOS DE GESTÃO DO SISTEMA DE ILUMINAÇÃO PÚBLICA
servico;INSTALAÇÃO DE FIGURA LUMINOSA EM POSTES, BRAÇOS EXISTENTES OU PAREDE DE EDIFICAÇÃO;2.21;M;50,2300;Grupo orçamento: SERVIÇOS DE GESTÃO DO SISTEMA DE ILUMINAÇÃO PÚBLICA
servico;INSTALAÇÃO DE GRADE DE PROTEÇÃO PARA PROJETOR;2.22;PÇ;417,3000;Grupo orçamento: SERVIÇOS DE GESTÃO DO SISTEMA DE ILUMINAÇÃO PÚBLICA
servico;INSTALAÇÃO DE LUMINÁRIA EM BRAÇO DE ATÉ 1,5 METRO;2.23;UN;168,1900;Grupo orçamento: SERVIÇOS DE GESTÃO DO SISTEMA DE ILUMINAÇÃO PÚBLICA
servico;INSTALAÇÃO DE LUMINÁRIA EM BRAÇO SUPERIOR A 1,5 METRO;2.24;UN;289,5500;Grupo orçamento: SERVIÇOS DE GESTÃO DO SISTEMA DE ILUMINAÇÃO PÚBLICA
servico;INSTALAÇÃO DE LUMINÁRIA OU PROJETOR EM POSTE OU EM BRAÇO ORNAMENTAL, EM ALTURA DE ATÉ 10 METROS;2.25;UN;133,4500;Grupo orçamento: SERVIÇOS DE GESTÃO DO SISTEMA DE ILUMINAÇÃO PÚBLICA
servico;INSTALAÇÃO DE LUMINÁRIA OU PROJETOR EM POSTE OU EM BRAÇO ORNAMENTAL, EM ALTURA ENTRE 11 E 15 METROS;2.26;UN;192,1100;Grupo orçamento: SERVIÇOS DE GESTÃO DO SISTEMA DE ILUMINAÇÃO PÚBLICA
servico;INSTALAÇÃO DE LUMINÁRIA OU PROJETOR EMBUTIDO NO PISO;2.27;UN;71,2200;Grupo orçamento: SERVIÇOS DE GESTÃO DO SISTEMA DE ILUMINAÇÃO PÚBLICA
servico;INSTALAÇÃO DE LUMINÁRIA OU PROJETOR SOBRE O PISO;2.28;UN;246,0200;Grupo orçamento: SERVIÇOS DE GESTÃO DO SISTEMA DE ILUMINAÇÃO PÚBLICA
servico;INSTALAÇÃO DE PADRÃO DE ENTRADA DE BAIXA TENSÃO EM MURETA;2.29;UN;590,1500;Grupo orçamento: SERVIÇOS DE GESTÃO DO SISTEMA DE ILUMINAÇÃO PÚBLICA
servico;INSTALAÇÃO DE PADRÃO DE ENTRADA DE BAIXA TENSÃO EM POSTE;2.30;UN;413,9000;Grupo orçamento: SERVIÇOS DE GESTÃO DO SISTEMA DE ILUMINAÇÃO PÚBLICA
servico;INSTALAÇÃO DE PLACA DE OBRA;2.31;M2;263,0100;Grupo orçamento: SERVIÇOS DE GESTÃO DO SISTEMA DE ILUMINAÇÃO PÚBLICA
servico;INSTALAÇÃO DE POSTE ENTRE 11 E 15 METROS;2.32;UN;311,0900;Grupo orçamento: SERVIÇOS DE GESTÃO DO SISTEMA DE ILUMINAÇÃO PÚBLICA
servico;INSTALAÇÃO DE POSTE INFERIOR QUE 11 METROS;2.33;UN;153,7200;Grupo orçamento: SERVIÇOS DE GESTÃO DO SISTEMA DE ILUMINAÇÃO PÚBLICA
servico;INSTALAÇÃO DE POSTE SUPERIOR A 15 METROS;2.34;UN;535,4700;Grupo orçamento: SERVIÇOS DE GESTÃO DO SISTEMA DE ILUMINAÇÃO PÚBLICA
servico;INSTALAÇÃO DE PROJETOR EM FACHADAS, ALTURA ATÉ 10 METROS;2.35;UN;59,7100;Grupo orçamento: SERVIÇOS DE GESTÃO DO SISTEMA DE ILUMINAÇÃO PÚBLICA
servico;INSTALAÇÃO DE PROJETOR EM FACHADAS, ALTURA SUPERIOR A 10 METROS;2.36;UN;36,8000;Grupo orçamento: SERVIÇOS DE GESTÃO DO SISTEMA DE ILUMINAÇÃO PÚBLICA
servico;INSTALAÇÃO DE QUADRO DE COMANDO/PROTEÇÃO PARA ILUMINAÇÃO PÚBLICA;2.37;UN;119,8300;Grupo orçamento: SERVIÇOS DE GESTÃO DO SISTEMA DE ILUMINAÇÃO PÚBLICA
servico;INSTALAÇÃO DE RELÉ;2.38;UN;2,4500;Grupo orçamento: SERVIÇOS DE GESTÃO DO SISTEMA DE ILUMINAÇÃO PÚBLICA
servico;INSTALAÇÃO PROVISÓRIA DE ARMAÇÃO REDE BT;2.39;UN;36,5300;Grupo orçamento: SERVIÇOS DE GESTÃO DO SISTEMA DE ILUMINAÇÃO PÚBLICA
servico;INSTALAÇÃO PROVISÓRIA DE PONTO DE LUZ;2.40;UN;119,9500;Grupo orçamento: SERVIÇOS DE GESTÃO DO SISTEMA DE ILUMINAÇÃO PÚBLICA
servico;INSTALAÇÃO PROVISÓRIA DE POSTE DE CONCRETO ENTRE 150 A 600DAN, ALTURA ATÉ 12 METROS;2.41;UN;304,8100;Grupo orçamento: SERVIÇOS DE GESTÃO DO SISTEMA DE ILUMINAÇÃO PÚBLICA
servico;INSTALAÇÃO PROVISÓRIA DE PROJETOR COM LÂMPADA DE DESCARGA ATÉ 400W;2.42;UN;398,7300;Grupo orçamento: SERVIÇOS DE GESTÃO DO SISTEMA DE ILUMINAÇÃO PÚBLICA
servico;INSTALAÇÃO PROVISÓRIA DE QUADRO COM TOMADAS MONOFÁSICAS;2.43;UN;153,9300;Grupo orçamento: SERVIÇOS DE GESTÃO DO SISTEMA DE ILUMINAÇÃO PÚBLICA
servico;LANÇAMENTO DE ELETRODUTO APARENTE INCLUSO A FIXAÇÃO;2.44;M;10,6700;Grupo orçamento: SERVIÇOS DE GESTÃO DO SISTEMA DE ILUMINAÇÃO PÚBLICA
servico;"LANÇAMENTO DE ELETRODUTO CORRUGADO ATÉ 4""";2.45;M;19,2600;Grupo orçamento: SERVIÇOS DE GESTÃO DO SISTEMA DE ILUMINAÇÃO PÚBLICA
servico;LIMPEZA INTERNA E EXTERNA DE LUMINÁRIA AÉREA;2.46;UN;57,4400;Grupo orçamento: SERVIÇOS DE GESTÃO DO SISTEMA DE ILUMINAÇÃO PÚBLICA
servico;LIMPEZA INTERNA E EXTERNA DE LUMINÁRIA SUBTERRÂNEA;2.47;UN;14,5000;Grupo orçamento: SERVIÇOS DE GESTÃO DO SISTEMA DE ILUMINAÇÃO PÚBLICA
servico;M&V - INSTALAÇÃO E RETIRADA DE MULTIMEDIDOR DE GRANDEZAS ELÉTRICAS COM MEMÓRIA DE MASSA EM LUMINÁRIA;2.48;UN;93,6500;Grupo orçamento: SERVIÇOS DE GESTÃO DO SISTEMA DE ILUMINAÇÃO PÚBLICA
servico;M&V - ELABORAÇÃO DE PLANO DE M&V DE ACORDO COM PIMVP;2.49;UN;7794,6200;Grupo orçamento: SERVIÇOS DE GESTÃO DO SISTEMA DE ILUMINAÇÃO PÚBLICA
servico;M&V - ELABORAÇÃO DE RELATÓRIO DE M&V DE ACORDO COM PIMVP;2.50;UN;7794,6200;Grupo orçamento: SERVIÇOS DE GESTÃO DO SISTEMA DE ILUMINAÇÃO PÚBLICA
servico;PINTURA DE POSTE DE CONCRETO COM ATÉ 10 METROS;2.51;UN;104,2300;Grupo orçamento: SERVIÇOS DE GESTÃO DO SISTEMA DE ILUMINAÇÃO PÚBLICA
servico;PINTURA DE POSTE DE CONCRETO ENTRE 10 E 15 METROS;2.52;UN;194,3700;Grupo orçamento: SERVIÇOS DE GESTÃO DO SISTEMA DE ILUMINAÇÃO PÚBLICA
servico;PINTURA DE POSTE METÁLICO COM ATÉ 10 METROS;2.53;UN;103,9000;Grupo orçamento: SERVIÇOS DE GESTÃO DO SISTEMA DE ILUMINAÇÃO PÚBLICA
servico;PINTURA DE POSTE METÁLICO ENTRE 10 E 15 METROS;2.54;UN;90,9700;Grupo orçamento: SERVIÇOS DE GESTÃO DO SISTEMA DE ILUMINAÇÃO PÚBLICA
servico;PLANTÃO DE EQUIPE OPERACIONAL LEVE EM SÁBADOS, DOMINGOS E FERIADOS;2.55;H;120,1400;Custo de funcionários / hora | Grupo orçamento: SERVIÇOS DE GESTÃO DO SISTEMA DE ILUMINAÇÃO PÚBLICA
servico;PLANTÃO DE EQUIPE OPERACIONAL LEVE EM DIAS DE SEMANA;2.56;H;70,1800;Custo de funcionários / hora | Grupo orçamento: SERVIÇOS DE GESTÃO DO SISTEMA DE ILUMINAÇÃO PÚBLICA
servico;REMOÇÃO DE ARMAÇÃO BT;2.57;UN;50,7100;Grupo orçamento: SERVIÇOS DE GESTÃO DO SISTEMA DE ILUMINAÇÃO PÚBLICA
servico;REMOÇÃO DE ATERRAMENTO SIMPLES;2.58;UN;23,8000;Grupo orçamento: SERVIÇOS DE GESTÃO DO SISTEMA DE ILUMINAÇÃO PÚBLICA
servico;REMOÇÃO DE BASE DE CONCRETO DE POSTE DE ALTURA ATÉ 10 METROS;2.59;UN;137,4500;Grupo orçamento: SERVIÇOS DE GESTÃO DO SISTEMA DE ILUMINAÇÃO PÚBLICA
servico;REMOÇÃO DE CAIXA DE PASSAGEM DE ALVENARIA OU CONCRETO;2.60;UN;603,9200;Grupo orçamento: SERVIÇOS DE GESTÃO DO SISTEMA DE ILUMINAÇÃO PÚBLICA
servico;REMOÇÃO DE CHAVE DE COMANDO PARA ILUMINAÇÃO PÚBLICA;2.61;UN;9,1500;Grupo orçamento: SERVIÇOS DE GESTÃO DO SISTEMA DE ILUMINAÇÃO PÚBLICA
servico;REMOÇÃO DE CONDUTORES DE BAIXA TENSÃO AÉREOS DE BITOLA ATÉ 70 MM2;2.62;M;0,9800;Grupo orçamento: SERVIÇOS DE GESTÃO DO SISTEMA DE ILUMINAÇÃO PÚBLICA
servico;REMOÇÃO DE CONDUTORES DE BAIXA TENSÃO, EMBUTIDOS EM ELETRODUTOS OU ENTERRADOS, DE BITOLA ATÉ 70 MM2;2.63;M;3,2800;Grupo orçamento: SERVIÇOS DE GESTÃO DO SISTEMA DE ILUMINAÇÃO PÚBLICA
servico;REMOÇÃO DE CONTROLADOR INDIVIDUAL PARA TELEGESTÃO DE LUMINÁRIA;2.64;UN;2,4500;Grupo orçamento: SERVIÇOS DE GESTÃO DO SISTEMA DE ILUMINAÇÃO PÚBLICA
servico;REMOÇÃO DE CORDA LUMINOSA COM DIÂMETRO ATÉ 13MM;2.65;M;4,8100;Grupo orçamento: SERVIÇOS DE GESTÃO DO SISTEMA DE ILUMINAÇÃO PÚBLICA
servico;REMOÇÃO DE CORDÃO COM 100 MICRO LÂMPADAS;2.66;PÇ;4,8100;Grupo orçamento: SERVIÇOS DE GESTÃO DO SISTEMA DE ILUMINAÇÃO PÚBLICA
servico;REMOÇÃO DE ELETRODUTO APARENTE;2.67;M;60,3400;Grupo orçamento: SERVIÇOS DE GESTÃO DO SISTEMA DE ILUMINAÇÃO PÚBLICA
servico;REMOÇÃO DE FIGURA LUMINOSA EM POSTES, BRAÇOS EXISTENTES OU PAREDE DE EDIFICAÇÃO;2.68;M;282,7700;Grupo orçamento: SERVIÇOS DE GESTÃO DO SISTEMA DE ILUMINAÇÃO PÚBLICA
servico;REMOÇÃO DE GRADE DE PROTEÇÃO PARA PROJETOR;2.69;CJ;4,7100;Grupo orçamento: SERVIÇOS DE GESTÃO DO SISTEMA DE ILUMINAÇÃO PÚBLICA
servico;REMOÇÃO DE LUMINÁRIA EM BRAÇO DE 1 METRO;2.70;UN;74,9400;Grupo orçamento: SERVIÇOS DE GESTÃO DO SISTEMA DE ILUMINAÇÃO PÚBLICA
servico;REMOÇÃO DE LUMINÁRIA EM BRAÇO SUPERIOR A 1METRO;2.71;UN;59,4000;Grupo orçamento: SERVIÇOS DE GESTÃO DO SISTEMA DE ILUMINAÇÃO PÚBLICA
servico;REMOÇÃO DE LUMINÁRIA OU PROJETOR EM POSTE OU EM BRAÇO ORNAMENTAL, EM ALTURA DE ATÉ 10 METROS;2.72;UN;49,2000;Grupo orçamento: SERVIÇOS DE GESTÃO DO SISTEMA DE ILUMINAÇÃO PÚBLICA
servico;REMOÇÃO DE LUMINÁRIA OU PROJETOR EMBUTIDO NO PISO;2.73;UN;19,1900;Grupo orçamento: SERVIÇOS DE GESTÃO DO SISTEMA DE ILUMINAÇÃO PÚBLICA
servico;REMOÇÃO DE PLACA DE OBRA;2.74;UN;104,9500;Grupo orçamento: SERVIÇOS DE GESTÃO DO SISTEMA DE ILUMINAÇÃO PÚBLICA
servico;REMOÇÃO DE POSTE ATÉ 10 METROS;2.75;UN;329,5200;Grupo orçamento: SERVIÇOS DE GESTÃO DO SISTEMA DE ILUMINAÇÃO PÚBLICA
servico;REMOÇÃO DE PROJETOR EM FACHADA ALTURA ATÉ 10 METROS;2.76;UN;29,5400;Grupo orçamento: SERVIÇOS DE GESTÃO DO SISTEMA DE ILUMINAÇÃO PÚBLICA
servico;REMOÇÃO DE PROJETOR EM FACHADAS ALTURA SUPERIOR A 10 METROS;2.77;UN;12,6000;Grupo orçamento: SERVIÇOS DE GESTÃO DO SISTEMA DE ILUMINAÇÃO PÚBLICA
servico;REMOÇÃO DE RELÉ;2.78;UN;2,6800;Grupo orçamento: SERVIÇOS DE GESTÃO DO SISTEMA DE ILUMINAÇÃO PÚBLICA
servico;REMOÇÃO E RECOMPOSIÇÃO DE PISO ASFÁLTICO;2.79;M2;2070,8000;Grupo orçamento: SERVIÇOS DE GESTÃO DO SISTEMA DE ILUMINAÇÃO PÚBLICA
servico;REMOÇÃO E RECOMPOSIÇÃO DE PISO NÃO ASFÁLTICO;2.80;M2;226,0600;Grupo orçamento: SERVIÇOS DE GESTÃO DO SISTEMA DE ILUMINAÇÃO PÚBLICA
servico;RETIRADA DE ESTRUTURA DE MÉDIA TENSÃO (15KV);2.81;M;16,9700;Grupo orçamento: SERVIÇOS DE GESTÃO DO SISTEMA DE ILUMINAÇÃO PÚBLICA
servico;SUBSTITUIÇÃO DE REATOR E LÂMPADA EM LUMINÁRIA INSTALADA EM ALTURA ATÉ 10 METROS;2.82;CJ;2,3500;Grupo orçamento: SERVIÇOS DE GESTÃO DO SISTEMA DE ILUMINAÇÃO PÚBLICA
servico;SUBSTITUIÇÃO DE REATOR E LÂMPADA EM LUMINÁRIA INSTALADA EM ALTURA ENTRE 10 E 15 METROS;2.83;CJ;3,9200;Grupo orçamento: SERVIÇOS DE GESTÃO DO SISTEMA DE ILUMINAÇÃO PÚBLICA
servico;SUBSTITUIÇÃO DE REATOR E LÂMPADA EM LUMINÁRIA INSTALADA EM ALTURA SUPERIOR A 15 METROS;2.84;CJ;65,7200;Grupo orçamento: SERVIÇOS DE GESTÃO DO SISTEMA DE ILUMINAÇÃO PÚBLICA
servico;TRAVESSIA SUBTERRÂNEA - PERFURAÇÃO POR MÉTODO NÃO DESTRUTIVO;2.85;M;1289,4600;Grupo orçamento: SERVIÇOS DE GESTÃO DO SISTEMA DE ILUMINAÇÃO PÚBLICA
produto;ABRAÇADEIRA PARA AMARRAÇÃO, EM AÇO INOXIDÁVEL, AUTOTRAVANTE, 266X4,6MM;3.1;PÇ;5,0800;Grupo orçamento: MATERIAIS
produto;"ABRAÇADEIRA TIPO CUNHA EM AÇO GALVANIZADO A FOGO, CÔNICA, DIÂMETRO 1""";3.2;PÇ;1,6200;Grupo orçamento: MATERIAIS
produto;ABRAÇADEIRA TIPO CUNHA EM AÇO GALVANIZADO A FOGO, CÔNICA, DIÂMETRO 1.1/2;3.3;PÇ;2,8600;Grupo orçamento: MATERIAIS
produto;"ABRAÇADEIRA TIPO CUNHA EM AÇO GALVANIZADO A FOGO, CÔNICA, DIÂMETRO 2""";3.4;PÇ;3,1100;Grupo orçamento: MATERIAIS
produto;"ABRAÇADEIRA TIPO CUNHA EM AÇO GALVANIZADO A FOGO, CÔNICA, DIÂMETRO 3/4""";3.5;PÇ;1,5000;Grupo orçamento: MATERIAIS
produto;ALÇA PRÉ-FORMADA DE DISTRIBUIÇÃO PARA CABO DE ALUMÍNIO 2 AWG;3.6;PÇ;7,5900;Grupo orçamento: MATERIAIS
produto;ALÇA PRÉ-FORMADA DE DISTRIBUIÇÃO PARA CABO DE ALUMÍNIO 4 AWG;3.7;PÇ;3,0400;Grupo orçamento: MATERIAIS
produto;ARMAÇÃO SECUNDÁRIA DE 1 ESTRIBO, DIMENSÕES 110X125X5MM;3.8;PÇ;23,9600;Grupo orçamento: MATERIAIS
produto;"ARRUELA DE ALUMÍNIO PARA ELETRODUTO  Ø 1 1/2""";3.9;PÇ;1,5500;Grupo orçamento: MATERIAIS
produto;ARRUELA QUADRADA 38X3MM, PARA PARAFUSO D16MM;3.10;PÇ;0,6600;Grupo orçamento: MATERIAIS
produto;BASE PARA RELÊ FOTOELÉTRICO, 10A;3.11;PÇ;18,3500;Grupo orçamento: MATERIAIS
produto;BOCAL DE PORCELANA, REFORÇADO, ROSCA E-27;3.12;PÇ;3,5400;Grupo orçamento: MATERIAIS
produto;BOCAL DE PORCELANA, REFORÇADO, ROSCA E-40;3.13;PÇ;6,8000;Grupo orçamento: MATERIAIS
produto;BRAÇO COMUM DE ILUMINAÇÃO PÚBLICA D25X2000MM;3.14;PÇ;70,0000;Grupo orçamento: MATERIAIS
produto;BRAÇO ESPECIAL DE ILUMINAÇÃO PÚBLICA D33X1500MM;3.15;PÇ;171,0000;Grupo orçamento: MATERIAIS
produto;BRAÇO ESPECIAL DE ILUMINAÇÃO PÚBLICA D48X3000MM;3.16;PÇ;352,0000;Grupo orçamento: MATERIAIS
produto;BUCHA DE NYLON S8, COM PARAFUSO DE AÇO  INOXIDÁVEL;3.17;PÇ;0,4100;Grupo orçamento: MATERIAIS
produto;"BUCHA DE ALUMÍNIO PARA ELETRODUTO Ø 1 1/2""";3.18;CJ;1,7800;Grupo orçamento: MATERIAIS
produto;"CABEÇOTE DE ALUMÍNIO PARA ELETRODUTO Ø 1 1/2""";3.19;UN;8,0200;Grupo orçamento: MATERIAIS
produto;"CABEÇOTE DE ALUMÍNIO PARA ELETRODUTO Ø 2""";3.20;UN;13,0000;Grupo orçamento: MATERIAIS
produto;CABO DE COBRE NU, MEIO DURO, 25MM2;3.21;M;14,9000;Grupo orçamento: MATERIAIS
produto;CABO DE COBRE UNIPOLAR, FLEXÍVEL ISOLADO EM PVC, 750V, BITOLA 10MM2;3.22;M;6,0300;Grupo orçamento: MATERIAIS
produto;CABO DE COBRE UNIPOLAR, FLEXÍVEL ISOLADO EM PVC, 750V, BITOLA 2,5MM2;3.23;M;2,5000;Grupo orçamento: MATERIAIS
produto;CABO DE COBRE UNIPOLAR, FLEXÍVEL, ISOLADO EM PVC, EPR OU XLPE, 0,6/1KV, SEÇÃO 10MM2;3.24;M;6,5400;Grupo orçamento: MATERIAIS
produto;CABO DE COBRE UNIPOLAR, FLEXÍVEL, ISOLADO EM PVC, EPR OU XLPE, 0,6/1KV, SEÇÃO 16MM2;3.25;M;10,0000;Grupo orçamento: MATERIAIS
produto;CABO DE COBRE UNIPOLAR, FLEXÍVEL, ISOLADO EM PVC, EPR OU XLPE, 0,6/1KV, SEÇÃO 2,5MM2;3.26;M;1,7100;Grupo orçamento: MATERIAIS
produto;CABO DE COBRE UNIPOLAR, FLEXÍVEL, ISOLADO EM PVC, EPR OU XLPE, 0,6/1KV, SEÇÃO 25MM2;3.27;M;18,9100;Grupo orçamento: MATERIAIS
produto;CABO DE COBRE UNIPOLAR, FLEXÍVEL, ISOLADO EM PVC, EPR OU XLPE, 0,6/1KV, SEÇÃO 4,0MM2;3.28;M;2,8000;Grupo orçamento: MATERIAIS
produto;CABO DE COBRE UNIPOLAR, FLEXÍVEL, ISOLADO EM PVC, EPR OU XLPE, 0,6/1KV, SEÇÃO 6,0MM2;3.29;M;4,1200;Grupo orçamento: MATERIAIS
produto;CABO DE COBRE MULTIPOLAR, FLEXÍVEL, ISOLADO EM PVC, EPR OU XLPE, 0,6/1KV, SEÇÃO 2 X 2,5MM2;3.30;M;13,8500;Grupo orçamento: MATERIAIS
produto;CABO DE COBRE MULTIPOLAR, FLEXÍVEL, ISOLADO EM PVC, EPR OU XLPE, 0,6/1KV, SEÇÃO 3 X 2,5MM2;3.31;M;6,0200;Grupo orçamento: MATERIAIS
produto;CABO DE COBRE MULTIPOLAR, FLEXÍVEL, ISOLADO EM PVC, EPR OU XLPE, 0,6/1KV, SEÇÃO 3 X 6,0MM2;3.32;M;15,3100;Grupo orçamento: MATERIAIS
produto;CABO MULTIPLEXADO DE ALUMÍNIO, ISOLADO EM XLPE, 0,6/1KV, 1X25+25MM2;3.33;M;15,0000;Grupo orçamento: MATERIAIS
produto;CABO MULTIPLEXADO DE ALUMÍNIO, ISOLADO EM XLPE, 0,6/1KV, 3X25+25MM2;3.34;M;5,0000;Grupo orçamento: MATERIAIS
produto;CABO MULTIPLEXADO DE ALUMÍNIO, ISOLADO EM XLPE, 0,6/1KV, 3X50+50MM2;3.35;M;8,9000;Grupo orçamento: MATERIAIS
produto;CABO MULTIPLEXADO DE ALUMÍNIO, ISOLADO EM XLPE, 0,6/1KV, 1X16+16MM2;3.36;M;9,1900;Grupo orçamento: MATERIAIS
produto;CAIXA DE CONCRETO PRÉ-FABRICADA, DIMENSÕES DE 40X40X40CM, COM TAMPA DE CONCRETO;3.37;PÇ;190,0000;Grupo orçamento: MATERIAIS
produto;CAIXA PARA ENTRADA DE ENERGIA EM BT, PRÉ-FABRICADA EM CONCRETO ARMADO, DIMENSÕES 65X41X70CM, SEM A TAMPA DE FERRO FUNDIDO;3.38;PÇ;160,0000;Grupo orçamento: MATERIAIS
produto;CHAVE PARA COMANDO DE IP, 160/240V, 1X50A, COM BASE PARA RELÉ FOTOELÉTRICO;3.39;PÇ;320,2900;Grupo orçamento: MATERIAIS
produto;CINTA PARA POSTE, SEÇÃO CIRCULAR, Ø 170MM;3.40;PÇ;11,2300;Grupo orçamento: MATERIAIS
produto;CINTA PARA POSTE, SEÇÃO CIRCULAR, Ø 180MM;3.41;PÇ;9,9500;Grupo orçamento: MATERIAIS
produto;CINTA PARA POSTE, SEÇÃO CIRCULAR, Ø 190MM;3.42;PÇ;9,8300;Grupo orçamento: MATERIAIS
produto;CINTA PARA POSTE, SEÇÃO CIRCULAR, Ø 200MM;3.43;PÇ;11,7100;Grupo orçamento: MATERIAIS
produto;CINTA PARA POSTE, SEÇÃO CIRCULAR, Ø 210MM;3.44;PÇ;12,0900;Grupo orçamento: MATERIAIS
produto;CINTA PARA POSTE, SEÇÃO CIRCULAR, Ø 220MM;3.45;PÇ;12,3500;Grupo orçamento: MATERIAIS
produto;CINTA PARA POSTE, SEÇÃO CIRCULAR, Ø 230MM;3.46;PÇ;13,0800;Grupo orçamento: MATERIAIS
produto;CINTA PARA POSTE, SEÇÃO CIRCULAR, Ø 240MM;3.47;PÇ;12,7100;Grupo orçamento: MATERIAIS
produto;CINTA PARA POSTE, SEÇÃO CIRCULAR, Ø 250MM;3.48;PÇ;14,8200;Grupo orçamento: MATERIAIS
produto;CINTA PARA POSTE, SEÇÃO CIRCULAR, Ø 260MM;3.49;PÇ;16,1600;Grupo orçamento: MATERIAIS
produto;CINTA PARA POSTE, SEÇÃO CIRCULAR, Ø 270MM;3.50;PÇ;14,4500;Grupo orçamento: MATERIAIS
produto;CINTA PARA POSTE, SEÇÃO CIRCULAR, Ø 280MM;3.51;PÇ;14,6000;Grupo orçamento: MATERIAIS
produto;CINTA PARA POSTE, SEÇÃO CIRCULAR, Ø 290MM;3.52;PÇ;16,1000;Grupo orçamento: MATERIAIS
produto;CINTA PARA POSTE, SEÇÃO CIRCULAR, Ø 300MM;3.53;PÇ;17,7000;Grupo orçamento: MATERIAIS
produto;CINTA PARA POSTE, SEÇÃO CIRCULAR, Ø 310MM;3.54;PÇ;17,3000;Grupo orçamento: MATERIAIS
produto;CINTA REGULÁVEL EM AÇO INOX PARA FIXAÇÃO EM POSTE, DIMENSÕES 10X1MM;3.55;M;2,2000;Grupo orçamento: MATERIAIS
produto;"CONDULETE DE ALUMÍNIO,  UNIVERSAL (PODEM SER UTILIZADOS COM O TIPO C, T, E, ETC.), PINTADO NA COR CINZA, Ø 1""";3.56;PÇ;7,5000;Grupo orçamento: MATERIAIS
produto;"CONDULETE DE ALUMÍNIO,  UNIVERSAL (PODEM SER UTILIZADOS COM O TIPO C, T, E, ETC.), PINTADO NA COR CINZA, Ø 2""";3.57;PÇ;19,5200;Grupo orçamento: MATERIAIS
produto;"CONDULETE DE ALUMÍNIO, UNIVERSAL (PODEM SER UTILIZADOS COM O TIPO C, T, E, ETC.), PINTADO NA COR CINZA, Ø 11/2""";3.58;PÇ;13,3100;Grupo orçamento: MATERIAIS
produto;"CONDULETE DE ALUMÍNIO, UNIVERSAL (PODEM SER UTILIZADOS COM O TIPO C, T, E, ETC.), PINTADO NA COR CINZA, Ø 3/4""";3.59;PÇ;6,0000;Grupo orçamento: MATERIAIS
produto;CONECTOR CUNHA DE BAIXA TENSÃO TIPO A;3.60;PÇ;1,9000;Grupo orçamento: MATERIAIS
produto;CONECTOR CUNHA DE BAIXA TENSÃO TIPO B;3.61;PÇ;2,2100;Grupo orçamento: MATERIAIS
produto;CONECTOR CUNHA DE BAIXA TENSÃO TIPO I;3.62;PÇ;2,9600;Grupo orçamento: MATERIAIS
produto;CONECTOR CUNHA DE BAIXA TENSÃO TIPO II;3.63;PÇ;3,5700;Grupo orçamento: MATERIAIS
produto;CONECTOR CUNHA DE BAIXA TENSÃO TIPO III;3.64;PÇ;8,5600;Grupo orçamento: MATERIAIS
produto;CONECTOR CUNHA DE BAIXA TENSÃO TIPO IV;3.65;PÇ;6,5800;Grupo orçamento: MATERIAIS
produto;CONECTOR CUNHA DE BAIXA TENSÃO TIPO VII;3.66;PÇ;4,6800;Grupo orçamento: MATERIAIS
produto;"CONECTOR CUNHA PARA ATERRAMENTO, HASTE 5/8"" E CABO DE COBRE NÚ 25-35 MM²";3.67;PÇ;6,7900;Grupo orçamento: MATERIAIS
produto;CONECTOR DE DERIVAÇÃO PERFURANTE 10 - 95 X 1,5 - 10MM2;3.68;PÇ;15,3600;Grupo orçamento: MATERIAIS
produto;CONECTOR DE DERIVAÇÃO PERFURANTE 16 -70 X 6 - 35MM2;3.69;PÇ;27,7600;Grupo orçamento: MATERIAIS
produto;CONECTOR PARA CORDA LUMINOSA DIÂMETRO 13MM, COM PLUGUE E EMENDA;3.70;PÇ;30,0700;Grupo orçamento: MATERIAIS
produto;EMENDA PARA CORDA LUMINOSA DIÂMETRO 13MM;3.71;PÇ;7,2600;Grupo orçamento: MATERIAIS
produto;CONECTOR SAPATA PARA ATERRAMENTO DE TUBO DE AÇO;3.72;PÇ;4,2400;Grupo orçamento: MATERIAIS
produto;CONECTOR TIPO H OU C OU PF PARA CABO PASSANTE EM COBRE SEÇÃO 10MM2 E CABO DERIVAÇÃO EM COBRE SEÇÃO 2,5MM2;3.73;PÇ;3,5300;Grupo orçamento: MATERIAIS
produto;CONECTOR TIPO H OU C OU PF PARA CABO PASSANTE EM COBRE SEÇÃO 25MM2 E CABO DERIVAÇÃO EM COBRE SEÇÃO 2,5MM2;3.74;PÇ;4,0800;Grupo orçamento: MATERIAIS
produto;CONJUNTO FUSÍVEL DIAZED, 6A, COMPLETO COM TRILHO, BASE, ANEL DE PROTEÇÃO, TAMPA E COBERTURA;3.75;CJ;49,3800;Grupo orçamento: MATERIAIS
produto;CONJUNTO FUSÍVEL NEOZED, 4A, COMPLETO COM TRILHO, COM BASE, TAMPA E ANEL DE AJUSTE;3.76;CJ;27,8800;Grupo orçamento: MATERIAIS
produto;CONJUNTO FUSÍVEL NEOZED, 6A, COMPLETO COM TRILHO, COM BASE, TAMPA E ANEL DE AJUSTE;3.77;CJ;39,6700;Grupo orçamento: MATERIAIS
produto;CONTATOR TRIPOLAR, 32A, 220 VCA, 50/60HZ, CATEGORIA AC3, FIXAÇÃO EM TRILHO DIN 35MM;3.78;PÇ;150,8600;Grupo orçamento: MATERIAIS
produto;CORDA (MANGUEIRA) LUMINOSA FLEXÍVEL COM LED'S DE ALTO BRILHO, NAS CORES BRANCO, VERMELHO, AZUL, AMARELO OU VERDE, DIÂMETRO 10 MM, 2,4 W POR METRO, 36 LED'S POR…;3.79;M;23,8100;Grupo orçamento: MATERIAIS | METRO, UNIDADE DE CORTE A CADA 2 METROS, ALIMENTAÇÃO 220 V, 60 HZ, VIDA MEDIANA 80.000 HORAS, COM PROTEÇÃO CONTRA RADIAÇÃO UV, PARA USO AO TEMPO
produto;CORDA (MANGUEIRA) LUMINOSA FLEXÍVEL COM MICRO LÂMPADAS, NAS CORES BRANCO, VERMELHO, AZUL, AMARELO OU VERDE, DIÂMETRO 13MM, 2 FIOS, 220V, EM PVC MACIÇO ANTICHAM…;3.80;M;8,5000;Grupo orçamento: MATERIAIS | A, INCOLOR, PARA USO EXTERNO AO TEMPO
produto;CORDÃO DE NATAL COM 100 MICRO LÂMPADAS INCANDESCENTES NA COR BRANCA, VERMELHA, AZUL, AMARELA, VERDE OU COLORIDO, COM OU SEM PISCA-PISCA, 220V, 60 HZ, POTÊNCIA…;3.81;PÇ;147,9800;Grupo orçamento: MATERIAIS | MÁXIMA 50 W, PARA USO AO TEMPO, PADRÃO UL
produto;CORDÃO DE NATAL COM 96  LED'S DE ALTO BRILHO, NA COR BRANCA, VERMELHA, AZUL, AMARELA OU VERDE, OU COLORIDO,  220 V, 60 HZ, POTÊNCIA MÁXIMA 10 W, PLUGUE COM FUS…;3.82;PÇ;117,4200;Grupo orçamento: MATERIAIS | ÍVEL 3 A/250 V, COM CONTROLE ELETRÔNICO DE PISCA-PISCA COM 8 FUNÇÕES, COMPRIMENTO MÍNIMO DE 5,50 METROS, PARA USO AO TEMPO, PADRÃO UL
produto;CRUZETA DE CONCRETO 90X112,5X2100MM;3.83;PÇ;39,7500;Grupo orçamento: MATERIAIS
produto;"CURVA DE AÇO GALVANIZADO À FOGO, Ø  11/2"" X 90º, COM LUVA";3.84;PÇ;33,3900;Grupo orçamento: MATERIAIS
produto;"CURVA DE AÇO GALVANIZADO À FOGO, Ø  2"" X 90º, COM LUVA";3.85;PÇ;55,9700;Grupo orçamento: MATERIAIS
produto;"CURVA DE AÇO GALVANIZADO À FOGO, Ø  3/4"" X 90º, COM LUVA";3.86;PÇ;9,8700;Grupo orçamento: MATERIAIS
produto;"CURVA DE PVC  RÍGIDO, Ø  1""X90º, COM LUVA";3.87;PÇ;2,0700;Grupo orçamento: MATERIAIS
produto;"CURVA DE PVC  RÍGIDO, Ø  11/2""X90º";3.88;PÇ;2,8200;Grupo orçamento: MATERIAIS
produto;"CURVA DE PVC  RÍGIDO, Ø  2""X90º";3.89;PÇ;4,5800;Grupo orçamento: MATERIAIS
produto;"CURVA DE PVC  RÍGIDO, Ø  3/4""X90º";3.90;PÇ;1,3600;Grupo orçamento: MATERIAIS
produto;DISJUNTOR DIFERENCIAL RESIDUAL (DR), CORRENTE NOMINAL 15A, BIPOLAR, CORRENTE RESIDUAL 30MA,  CAPACIDADE DE INTERRUPÇÃO 4,5KA, EM 380/220VCA, NORMA IEC 61009;3.91;PÇ;232,0000;Grupo orçamento: MATERIAIS
produto;DISJUNTOR DIFERENCIAL RESIDUAL (DR), CORRENTE NOMINAL 25A, BIPOLAR, CORRENTE RESIDUAL 30MA,  CAPACIDADE DE INTERRUPÇÃO 4,5KA, EM 380/220VCA, NORMA IEC 61009;3.92;PÇ;120,0000;Grupo orçamento: MATERIAIS
produto;DISJUNTOR DIFERENCIAL RESIDUAL (DR), CORRENTE NOMINAL 40A, TETRAPOLAR, CORRENTE RESIDUAL 30MA,  CAPACIDADE DE INTERRUPÇÃO 4,5KA, EM 380/220VCA, NORMA IEC 61009;3.93;PÇ;87,9800;Grupo orçamento: MATERIAIS
produto;DISJUNTOR TERMOMAGNÉTICO, 15 À 30A, 2KA, 220VCA, 1 POLO, PADRÃO NEMA OU DIN;3.94;PÇ;5,0100;Grupo orçamento: MATERIAIS
produto;DISJUNTOR TERMOMAGNÉTICO, 40 À 70A, 2KA EM 220VCA, 1 POLO, PADRÃO NEMA OU DIN;3.95;PÇ;7,4300;Grupo orçamento: MATERIAIS
produto;DISJUNTOR TERMOMAGNÉTICO, CORRENTE NOMINAL 20, 25, 30, 40 OU 50A, 3 POLOS, EM CAIXA MOLDADA, CAPACIDADE DE INTERRUPÇÃO SIMÉTRICA 5KA, EM 380VCA, PADRÃO NEMA OU…;3.96;PÇ;35,1900;Grupo orçamento: MATERIAIS | DIN
produto;DISJUNTOR TERMOMAGNÉTICO, CORRENTE NOMINAL 70 A 100A, 3 POLOS, EM CAIXA MOLDADA, CAPACIDADE DE INTERRUPÇÃO SIMÉTRICA 5KA, EM 380VCA, PADRÃO NEMA OU DIN,;3.97;PÇ;42,0300;Grupo orçamento: MATERIAIS
produto;ELETRODUTO CORRUGADO FLEXÍVEL, EM PVC, Ø 25MM;3.98;M;1,9800;Grupo orçamento: MATERIAIS
produto;"ELETRODUTO CORRUGADO, EM PEAD, Ø 1 1/2"", TIPO KANALEX";3.99;M;2,2300;Grupo orçamento: MATERIAIS
produto;"ELETRODUTO CORRUGADO, EM PEAD, Ø 2"", TIPO KANALEX";3100;M;3,2000;Grupo orçamento: MATERIAIS
produto;"ELETRODUTO DE AÇO GALVANIZADO À FOGO, TIPO LEVE, Ø  1 1/2"", TIPO LEVE";3101;M;33,7900;Grupo orçamento: MATERIAIS
produto;"ELETRODUTO DE AÇO GALVANIZADO À FOGO, TIPO LEVE, Ø  2"", TIPO LEVE";3102;M;44,1000;Grupo orçamento: MATERIAIS
produto;"ELETRODUTO DE PVC RÍGIDO, Ø  1"", PRETO";3103;M;3,8500;Grupo orçamento: MATERIAIS
produto;"ELETRODUTO DE PVC RÍGIDO, Ø  11/2"", PRETO";3104;M;5,6400;Grupo orçamento: MATERIAIS
produto;"ELETRODUTO DE PVC RÍGIDO, Ø  2"", PRETO";3105;M;9,2200;Grupo orçamento: MATERIAIS
produto;"ELETRODUTO DE PVC RÍGIDO, Ø  3/4"", PRETO";3106;M;2,4700;Grupo orçamento: MATERIAIS
produto;"FECHO PARA FITA DE AÇO  INOXIDÁVEL 5/8""X0,6 MM, TIPO DENTADO";3107;PÇ;4,0000;Grupo orçamento: MATERIAIS
produto;"FIGURA LUMINOSA CONFECCIONADA EM ESTRUTURA DE AÇO Ø = 3/8"" PINTADA NA COR ALUMÍNIO, CURVADA, E/OU DOBRADA, E/OU SOLDADA PARA FORMAR A FIGURA, CONTORNADA POR CO…";3108;M;328,8400;"Grupo orçamento: MATERIAIS | RDA (MANGUEIRA) LUMINOSA, BRANCA, VERMELHA, AZUL, AMARELA OU VERDE, DIÂMETRO 13MM, 2 FIOS, 220V, EM PVC MACIÇO, FIXADA À ESTRUTURA ATRAVÉS DE ABRAÇADEIRAS AUTOTRAVANTES. PREÇO POR METRO DE VERGALHÃO DE AÇO 3/8"" CONTORNADO COM CORDA LUMINOSA QUE COMPÕE A FIGURA"
produto;"FIGURA LUMINOSA CONFECCIONADA EM ESTRUTURA DE AÇO Ø = 3/8"", CURVADA, E/OU DOBRADA, E/OU SOLDADA, PINTADA NA COR ALUMÍNIO, CONTORNADA POR CORDA (MANGUEIRA) LUMI…";3109;M;254,3000;Grupo orçamento: MATERIAIS | NOSA COM LED'S DE ALTO BRILHO, NA COR BRANCA, VERMELHA, AZUL, AMARELA OU VERDE, COM 36 LED. PREÇO POR METRO DE VERGALHÃO CONTORNADO COM CORDA DE LED QUE COMPÕE A FIGURA
produto;FITA ISOLANTE AUTO FUSÃO, ROLO DE 10M;3110;RL;13,9000;Grupo orçamento: MATERIAIS
produto;FITA ISOLANTE LÍQUIDA, LATA DE 200ML;3111;PÇ;67,1200;Grupo orçamento: MATERIAIS
produto;FITA ISOLANTE PVC, ROLO DE 20M,;3112;RL;10,2000;Grupo orçamento: MATERIAIS
produto;FUSÍVEL DIAZED, 6A,;3113;PÇ;5,5900;Grupo orçamento: MATERIAIS
produto;FUSÍVEL NEOZED, 4A;3114;PÇ;3,4300;Grupo orçamento: MATERIAIS
produto;FUSÍVEL NEOZED, 6A;3115;PÇ;3,8200;Grupo orçamento: MATERIAIS
produto;"HASTE DE TERRA COBREADA, DIÂMETRO 5/8""X 2,4M";3116;PÇ;104,0000;Grupo orçamento: MATERIAIS
produto;ISOLADOR ROLDANA DIM. 76X80MM, 1,3 KV EM PORCELANA;3117;PÇ;1,2000;Grupo orçamento: MATERIAIS
produto;LÂMPADA DE MULTIVAPORES METÁLICOS, 400 W, BULBO TUBULAR ,  BASE E-40, FLUXO LUMINOSO 8.700  LM OU MAIOR, VIDA MEDIANA 6.000 HORAS OU MAIOR, COR  VERDE;3118;PÇ;80,0000;Grupo orçamento: MATERIAIS
produto;LÂMPADA DE MULTIVAPORES METÁLICOS, 400 W, BULBO TUBULAR ,  BASE E-40, FLUXO LUMINOSO 8.700  LM OU MAIOR, VIDA MEDIANA 6.000 HORAS OU MAIOR, COR AZUL;3119;PÇ;100,0000;Grupo orçamento: MATERIAIS
produto;LÂMPADA DE MULTIVAPORES METÁLICOS, 70 W, BASE G-12, FLUXO LUMINOSO 7300 LUMENS OU MAIOR, VIDA MEDIANA 15.000 HORAS OU MAIOR, TEMPERATURA DE COR 3000 K +/- 10%,…;3120;PÇ;59,0000;Grupo orçamento: MATERIAIS | IRC ≥ 88, TUBO DE DESCARGA CERÂMICO
produto;LÂMPADA DE MULTIVAPORES METÁLICOS, 1.000 W, BASE E-40, BULBO TUBULAR,  FLUXO LUMINOSO 85.000 LM OU MAIOR, VIDA MEDIANA 9.000 HORAS OU MAIOR, TEMPERATURA DE COR…;3121;PÇ;300,0000;Grupo orçamento: MATERIAIS | 7.250 K +/- 10%,  IRC≥ 90, TUBO DE QUARTZO, MOD. HQI-T 1000W/D, FAB. OSRAM
produto;LÂMPADA DE MULTIVAPORES METÁLICOS, 150 W, BASE E-40, FLUXO LUMINOSO 14.500 LUMENS OU MAIOR, VIDA MEDIANA 15.000 HORAS OU MAIOR, TEMPERATURA DE COR 3000 K +/- 1…;3122;PÇ;100,0000;Grupo orçamento: MATERIAIS | 0%,  IRC ≥ 83, TUBO DE DESCARGA CERÂMICO
produto;LÂMPADA DE MULTIVAPORES METÁLICOS, 250W, BASE E-40, FLUXO LUMINOSO 25.00 LUMENS OU MAIOR, VIDA ÚTIL 24.000 HORAS OU MAIOR, TEMPERATURA DE COR 3000 K +/- 10%,…;3123;PÇ;107,0000;Grupo orçamento: MATERIAIS | IRC ≥ 80, TUBO DE DESCARGA CERÂMICO
produto;"LÂMPADA VAPOR DE SÓDIO EM ALTA PRESSÃO, BULBO TUBULAR, 150W,  BASE E-40; FLUXO LUMINOSO 17500 LM OU MAIOR, VIDA MEDIANA MEDIANA 32.000 HORAS OU MAIOR";3124;PÇ;21,4700;Grupo orçamento: MATERIAIS
produto;"LÂMPADA VAPOR DE SÓDIO EM ALTA PRESSÃO, BULBO TUBULAR, 250W,  BASE E-40; FLUXO LUMINOSO 33200 LM OU MAIOR, VIDA MEDIANA MEDIANA 32.000 HORAS OU MAIOR";3125;PÇ;23,1100;Grupo orçamento: MATERIAIS
produto;"LÂMPADA VAPOR DE SÓDIO EM ALTA PRESSÃO, BULBO TUBULAR, 400W,  BASE E-40; FLUXO LUMINOSO 56500 LM OU MAIOR, VIDA MEDIANA MEDIANA 32.000 HORAS OU MAIOR";3126;PÇ;25,5800;Grupo orçamento: MATERIAIS
produto;LÂMPADA VAPOR DE SÓDIO EM ALTA PRESSÃO,  70W, BULBO TUBULAR, BASE E-27, FLUXO LUMINOSO 6600 LM OU MAIOR, VIDA MEDIANA MEDIANA 28.000 HORAS OU MAIOR;3127;PÇ;32,3400;Grupo orçamento: MATERIAIS
produto;LUMINÁRIA LED VIÁRIA PARA ILUMINAÇÃO PÚBLICA TIPO B, POTÊNCIA MÁXIMA 70W, FLUXO LUMINOSO MÍNIMO DE 9.100 LUMENS, CERTIFICADA DE ACORDO COM A PORTARIA Nº 20 DO…;3128;PÇ;750,0000;Grupo orçamento: MATERIAIS | INMETRO DE 15 DE FEVEREIRO DE 2017 CONFORME TERMO DE REFERÊNCIA
produto;LUMINÁRIA LED VIÁRIA PARA ILUMINAÇÃO PÚBLICA TIPO D, POTÊNCIA MÁXIMA 100W, FLUXO LUMINOSO MÍNIMO DE 13.000 LUMENS, CERTIFICADA DE ACORDO COM A PORTARIA Nº 20 D…;3129;PÇ;850,0000;Grupo orçamento: MATERIAIS | O INMETRO DE 15 DE FEVEREIRO DE 2017 CONFORME TERMO DE REFERÊNCIA
produto;LUMINÁRIA LED VIÁRIA PARA ILUMINAÇÃO PÚBLICA TIPO F, POTÊNCIA MÁXIMA 140W, FLUXO LUMINOSO MÍNIMO DE 18.200 LUMENS, CERTIFICADA DE ACORDO COM A PORTARIA Nº 20 D…;3130;PÇ;920,5000;Grupo orçamento: MATERIAIS | O INMETRO DE 15 DE FEVEREIRO DE 2017 CONFORME TERMO DE REFERÊNCIA
produto;LUMINÁRIA LED VIÁRIA PARA ILUMINAÇÃO PÚBLICA TIPO H, POTÊNCIA MÁXIMA 220W, FLUXO LUMINOSO MÍNIMO DE 28.600 LUMENS, CERTIFICADA DE ACORDO COM A PORTARIA Nº 20 D…;3131;PÇ;1250,0000;Grupo orçamento: MATERIAIS | O INMETRO DE 15 DE FEVEREIRO DE 2017 CONFORME TERMO DE REFERÊNCIA
produto;LUMINÁRIA LED VIÁRIA PARA ILUMINAÇÃO PÚBLICA TIPO I, POTÊNCIA MÁXIMA 270W, FLUXO LUMINOSO MÍNIMO DE 35.100 LUMENS, CERTIFICADA DE ACORDO COM A PORTARIA Nº 20 D…;3132;PÇ;1764,0000;Grupo orçamento: MATERIAIS | O INMETRO DE 15 DE FEVEREIRO DE 2017 CONFORME TERMO DE REFERÊNCIA
produto;LUMINÁRIA DECORATIVA DE LED PARA ILUMINAÇÃO DE ESPAÇOS PÚBLICOS, GRAU DE PROTEÇÃO DO CONJUNTO ÓPTICO E ALOJAMENTO DOS EQUIPAMENTOS AUXILIARES IP65 OU MAIOR, RE…;3133;PÇ;1900,0000;Grupo orçamento: MATERIAIS | SISTÊNCIA A CHOQUE IK 08 OU MAIOR, FIXAÇÃO EM TOPO DE POSTE DE 60,3MM, CONTROLADOR PARA TELEGESTÃO,  TEMPERATURA DE OPERAÇÃO ENTRE - 30ºC A 50ºC, IRC IGUAL OU MAIOR QUE 70, 220V, 60HZ, POTÊNCIA MÁXIMA DE 65W, FLUXO LUMINOSO MÍNIMO DE 6.400LM, COM OPÇÕES DE DISTRIBUIÇÃO FOTOMÉTRICA SIMÉTRICA E ASSIMÉTRICA
produto;LUMINÁRIA DECORATIVA DE LED PARA ILUMINAÇÃO DE ESPAÇOS PÚBLICOS, GRAU DE PROTEÇÃO DO CONJUNTO ÓPTICO E ALOJAMENTO DOS EQUIPAMENTOS AUXILIARES IP65 OU MAIOR, RE…;3134;PÇ;2200,0000;Grupo orçamento: MATERIAIS | SISTÊNCIA A CHOQUE IK 08 OU MAIOR, FIXAÇÃO EM TOPO DE POSTE DE 60,3MM, CONTROLADOR PARA TELEGESTÃO,  TEMPERATURA DE OPERAÇÃO ENTRE - 30ºC A 50ºC, IRC IGUAL OU MAIOR QUE 70, 220V, 60HZ, POTÊNCIA MÁXIMA DE 90W, FLUXO LUMINOSO MÍNIMO DE 9.500LM, COM OPÇÕES DE DISTRIBUIÇÃO FOTOMÉTRICA SIMÉTRICA E ASSIMÉTRICA
produto;LUMINÁRIA DECORATIVA DE LED PARA ILUMINAÇÃO DE ESPAÇOS PÚBLICOS, GRAU DE PROTEÇÃO DO CONJUNTO ÓPTICO E ALOJAMENTO DOS EQUIPAMENTOS AUXILIARES IP65 OU MAIOR, RE…;3135;PÇ;2400,0000;Grupo orçamento: MATERIAIS | SISTÊNCIA A CHOQUE IK 08 OU MAIOR, FIXAÇÃO EM TOPO DE POSTE DE 60,3MM, CONTROLADOR PARA TELEGESTÃO,  TEMPERATURA DE OPERAÇÃO ENTRE - 30ºC A 50ºC, IRC IGUAL OU MAIOR QUE 70, 220V, 60HZ, POTÊNCIA MÁXIMA DE 120W, FLUXO LUMINOSO MÍNIMO DE 12.000LM, COM OPÇÕES DE DISTRIBUIÇÃO FOTOMÉTRICA SIMÉTRICA E ASSIMÉTRICA
produto;NÚCLEO DE AÇO GALVANIZADO À FOGO, PINTADO EM POLIÉSTER NA COR DO POSTE OU OUTRA QUE VIER A SER ESPECIFICADA, PARA 2 LUMINÁRIAS TIPO PÉTALA, FIXAÇÃO EM POSTES C…;3136;PÇ;280,0700;Grupo orçamento: MATERIAIS | OM DIÂMETRO DE TOPO 114MM
produto;NÚCLEO DE AÇO GALVANIZADO À FOGO, PINTADO EM POLIÉSTER NA COR DO POSTE OU OUTRA QUE VIER A SER ESPECIFICADA, PARA 3 LUMINÁRIAS TIPO PÉTALA, FIXAÇÃO EM POSTES C…;3137;PÇ;362,6800;Grupo orçamento: MATERIAIS | OM DIÂMETRO DE TOPO 114MM
produto;NÚCLEO DE AÇO GALVANIZADO, PINTADO NA COR DO POSTE, PARA FIXAÇÃO DE DUAS LUMINÁRIAS EM TOPO DE POSTE DE DIÂMETRO DE 60MM, PONTA PARA ENCAIXE DA LUMINÁRIA Ø 60…;3138;PÇ;250,5600;Grupo orçamento: MATERIAIS | MM
produto;NÚCLEO DE AÇO GALVANIZADO, PINTADO NA COR DO POSTE, PARA FIXAÇÃO DE QUATRO LUMINÁRIAS EM TOPO DE POSTE DE DIÂMETRO DE 60MM, PONTA PARA ENCAIXE DA LUMINÁRIA Ø 6…;3139;PÇ;319,0000;Grupo orçamento: MATERIAIS | 0 MM
produto;NÚCLEO DE AÇO GALVANIZADO, PINTADO NA COR DO POSTE, PARA FIXAÇÃO DE UMA LUMINÁRIA EM TOPO DE POSTE DE DIÂMETRO DE 60MM, PONTA PARA ENCAIXE DA LUMINÁRIA Ø 60 MM;3140;PÇ;225,0000;Grupo orçamento: MATERIAIS
produto;PARAFUSO DE CABEÇA QUADRADA D12X200MM;3141;PÇ;3,4300;Grupo orçamento: MATERIAIS
produto;PARAFUSO DE CABEÇA QUADRADA D12X250MM;3142;PÇ;2,0300;Grupo orçamento: MATERIAIS
produto;PARAFUSO DE CABEÇA QUADRADA D12X300MM;3143;PÇ;13,0000;Grupo orçamento: MATERIAIS
produto;PARAFUSO DE CABEÇA QUADRADA D16X300MM;3144;PÇ;5,1600;Grupo orçamento: MATERIAIS
produto;PLAQUETA DE ALUMÍNIO, DIMENSÕES MÍNIMAS DE  120X30X0,8MM, LETRAS E/OU NÚMEROS COM TAMANHO DE 25 X 15 (ALTURA X LARGURA) GRAVADAS EM RELEVO COM RASGOS OU FUROS…;3145;PÇ;10,0000;Grupo orçamento: MATERIAIS | NAS LATERAIS PARA FIXAÇÃO
produto;PORCA QUADRADA ROSCA M16, 24X24X13MM;3146;PÇ;4,5000;Grupo orçamento: MATERIAIS
produto;POSTE  RETO  EM AÇO GALVANIZADO À FOGO (ESPESSURA MÍN. CAMADA DE ZINCO 100 MICRONS),  CÔNICO CONTÍNUO, BASE ENGASTADA, RESISTENTE A VENTOS DE ATÉ 100KM/H, ALTU…;3147;PÇ;1632,0000;Grupo orçamento: MATERIAIS | RA LIVRE ACIMA DO SOLO 6 M, DIÂMETRO NO TOPO 60MM, COM JANELA DE INSPEÇÃO PARA FUSÍVEL TIPO D
produto;POSTE  RETO  EM AÇO GALVANIZADO À FOGO (ESPESSURA MÍN. CAMADA DE ZINCO 100 MICRONS),  CÔNICO CONTÍNUO, BASE ENGASTADA, RESISTENTE A VENTOS DE ATÉ 150KM/H, ALTU…;3148;PÇ;2130,0000;Grupo orçamento: MATERIAIS | RA LIVRE ACIMA DO SOLO 10 M, DIÂMETRO NO TOPO 60MM, COM JANELA DE INSPEÇÃO PARA FUSÍVEL TIPO D
produto;POSTE  RETO, EM AÇO GALVANIZADO À FOGO (ESPESSURA MÍN. CAMADA DE ZINCO 100 MICRONS),  CÔNICO CONTÍNUO, BASE ENGASTADA, RESISTENTE A VENTOS DE ATÉ 100KM/H, ALTU…;3149;PÇ;2800,0000;Grupo orçamento: MATERIAIS | RA LIVRE ACIMA DO SOLO 12 M, DIÂMETRO NO TOPO 60MM, COM JANELA DE INSPEÇÃO PARA FUSÍVEL TIPO D
produto;POSTE DE CONCRETO DUPLO T, 9/200;3150;PÇ;1100,0000;Grupo orçamento: MATERIAIS
produto;POSTE RETO EM POLIÉSTER REFORÇADO COM FIBRA DE VIDRO (PRFV), ALTURA LIVRE 5 METROS, DIÂMETRO NO TOPO 60 MM, TIPO CÔNICO CONTÍNUO DE SEÇÃO CIRCULAR, BASE ENGAST…;3151;PÇ;2200,0000;Grupo orçamento: MATERIAIS | ADA, COM JANELA DE INSPEÇÃO COM SUPORTE PARA 2 FUSÍVEIS TIPO NEOZED, PINTADO NA COR BRANCO GELO OU OUTRA A SER DEFINIDA, COM ADERÊNCIA DA TINTA CONFORME NORMA  NBR 11003  DA ABNT
produto;PROJETOR LED PARA EMBUTIR NO SOLO DE ÓTICA CIRCULAR COM OPÇÕES DIVERSAS DE FOTOMETRIAS ENTRE 5° E 120°, IP 67, VIDA ÚTIL L70 @50.000 HORAS, TEMPERATURA DE OPER…;3152;PÇ;2400,0000;Grupo orçamento: MATERIAIS | AÇÃO ENTRE - 30ºC A 50ºC, IRC >80, OPÇÕES DE TK 3000, 4000 E RGB, 220V, 50/60HZ, POTÊNCIA MÁXIMA 50W, FLUXO MÍNIMO 3.000LM
produto;PROJETOR LED COM TECNOLOGIA LED INTEGRADA, USO EXTERNO, TEMPERATURA DE COR 4000K OU 5000K, IP 66, CORPO EM ALUMÍNIO INJETADO, IRC > 70, TEMPERATURA DE OPERAÇÃO…;3153;PÇ;1800,0000;Grupo orçamento: MATERIAIS | ENTRE - 30ºC A 50ºC,FLUXO MÍNIMO DE 12050 LM, POTÊNCIA MÁXIMA 100W.
produto;PROJETOR LED COM TECNOLOGIA LED INTEGRADA, USO EXTERNO, TEMPERATURA DE COR 4000K OU 5000K, IP 66, CORPO EM ALUMÍNIO INJETADO, IRC > 70, TEMPERATURA DE OPERAÇÃO…;3154;PÇ;2358,0000;Grupo orçamento: MATERIAIS | ENTRE - 30ºC A 50ºC,FLUXO MÍNIMO DE 16900 LM, POTÊNCIA MÁXIMA 150W.
produto;PROJETOR LED COM TECNOLOGIA LED INTEGRADA, USO EXTERNO, TEMPERATURA DE COR 4000K OU 5000K, IP 66, CORPO EM ALUMÍNIO INJETADO, IRC > 70, TEMPERATURA DE OPERAÇÃO…;3155;PÇ;2450,0000;Grupo orçamento: MATERIAIS | ENTRE - 30ºC A 50ºC,FLUXO MÍNIMO DE 33000 LM, POTÊNCIA MÁXIMA 250W.
produto;PROJETOR LED COM TECNOLOGIA LED INTEGRADA, USO EXTERNO, TEMPERATURA DE COR 4000K OU 5000K, IP 66, CORPO EM ALUMÍNIO INJETADO, IRC > 70, TEMPERATURA DE OPERAÇÃO…;3156;PÇ;2600,0000;Grupo orçamento: MATERIAIS | ENTRE - 30ºC A 50ºC,FLUXO MÍNIMO DE 36000 LM, POTÊNCIA MÁXIMA 300W.
produto;PROJETOR LED COM TECNOLOGIA LED INTEGRADA, USO EXTERNO, TEMPERATURA DE COR 4000K OU 5000K, IP 66, CORPO EM ALUMÍNIO INJETADO, IRC > 70, TEMPERATURA DE OPERAÇÃO…;3157;PÇ;2958,0000;Grupo orçamento: MATERIAIS | ENTRE - 30ºC A 50ºC,FLUXO MÍNIMO DE 45000 LM, POTÊNCIA MÁXIMA 350W.
produto;PROJETOR LED COM TECNOLOGIA LED INTEGRADA, USO EXTERNO, TEMPERATURA DE COR 4000K OU 5000K, IP 66, CORPO EM ALUMÍNIO INJETADO, IRC > 70, TEMPERATURA DE OPERAÇÃO…;3158;PÇ;3920,0000;Grupo orçamento: MATERIAIS | ENTRE - 30ºC A 50ºC,FLUXO MÍNIMO DE 54000 LM, POTÊNCIA MÁXIMA 400W.
produto;PROJETOR LED COM TECNOLOGIA LED INTEGRADA, USO EXTERNO, TEMPERATURA DE COR 4000K OU 5000K, IP 66, CORPO EM ALUMÍNIO INJETADO, IRC > 70, TEMPERATURA DE OPERAÇÃO…;3159;PÇ;4850,0000;Grupo orçamento: MATERIAIS | ENTRE - 30ºC A 50ºC,FLUXO MÍNIMO DE 70000 LM, POTÊNCIA MÁXIMA 500W.
produto;PROJETOR LED COM TECNOLOGIA LED INTEGRADA, USO EXTERNO, TEMPERATURA DE COR 4000K OU 5000K, IP 66, CORPO EM ALUMÍNIO INJETADO, IRC > 70, TEMPERATURA DE OPERAÇÃO…;3160;PÇ;4540,1600;Grupo orçamento: MATERIAIS | ENTRE - 30ºC A 50ºC,FLUXO MÍNIMO DE 91000 LM, POTÊNCIA MÁXIMA 650W.
produto;PROJETOR RETANGULAR  PARA LÂMPADA VAPOR DE SÓDIO OU METÁLICO ATÉ 150W, PORTA LÂMPADA RX7S, RX7S-24 OU E-27, CORPO EM LIGA DE ALUMÍNIO INJETADO, COM ALOJAMENTO…;3161;PÇ;600,0000;Grupo orçamento: MATERIAIS | PARA EQUIPAMENTOS AUXILIARES, PINTADO NA COR BRANCA, PRETA OU CINZA, REFLETOR EM ALUMÍNIO PURÍSSIMO, FACHO SIMÉTRICO OU ASSIMÉTRICO, ABERTO OU FECHADO, VIDRO PLANO TEMPERADO PARA PROTEÇÃO DO CONJUNTO ÓTICO, PLACA DE EQUIPAMENTOS AUXILIARES REMOVÍVEL, TODOS OS PARAFUSOS EXTERNOS EM AÇO INOXIDÁVEL OU LATÃO, GRAU DE PROTEÇÃO DO CONJUNTO ÓTICO IP-65, SUPORTE EM AÇO GALVANIZADO À FOGO OU ALUMÍNIO INJETADO,  COM INDICADOR DE GRADUAÇÃO VERTICAL
produto;PROJETOR RETANGULAR PARA LÂMPADA VAPOR DE SÓDIO OU VAPOR METÁLICO ATÉ 400W, PORTA-LÂMPADA  E-40, CORPO EM ALUMÍNIO INJETADO, COM ALOJAMENTO PARA EQUIPAMENTOS A…;3162;PÇ;525,0000;Grupo orçamento: MATERIAIS | UXILIARES, PINTURA EM POLIÉSTER A PÓ, NA COR CINZA, PRETO OU BRANCO, REFRATOR EM VIDRO PLANO TEMPERADO,  REFLETOR EM ALUMÍNIO DE ALTA PUREZA, ESTAMPADO E ANODIZADO, COM FACHO SIMÉTRICO, ABERTO OU FECHADO, PLACA DE  EQUIPAMENTOS AUXILIARES REMOVÍVEL, PARAFUSOS EXTERNOS EM INOXIDÁVEL OU LATÃO, PLACA DE  EQUIPAMENTOS AUXILIARES REMOVÍVEL, GRAU DE PROTEÇÃO DO CONJUNTO ÓTICO IP-65, SUPORTE EM AÇO GALVANIZADO À FOGO OU ALUMÍNIO INJETADO, COM INDICADOR GRADUADO PARA ORIENT…
produto;QUADRO DE COMANDO E PROTEÇÃO DE ILUMINAÇÃO PÚBLICA, TRIFÁSICO 30A, EM ALUMÍNIO, CONTENDO 1 DISJUNTOR TRIPOLAR 30A, 1 CONTATOR TRIPOLAR 30A, 1 CHAVE COMUTADORA…;3163;PÇ;2642,0000;Grupo orçamento: MATERIAIS | DE 3 POSIÇÕES (MANUAL, DESLIGA, AUTOMÁTICO), 1 RELÊ FOTOELÉTRICO COM BASE, 1 CONJUNTO FUSÍVEL NEOZED 2A, 1 PLAQUETA DE IDENTIFICAÇÃO EM ALUMÍNIO  6 X 3 CM, E BARRAMENTOS
produto;"QUADRO DE COMANDO E PROTEÇÃO DE ILUMINAÇÃO PÚBLICA, TRIFÁSICO 50A, EM ALUMÍNIO, CONTENDO; 1 DISJUNTOR TRIPOLAR 50A, 1 CONTATOR TRIPOLAR 50A, 1 CHAVE COMUTADORA…";3164;PÇ;2987,0000;Grupo orçamento: MATERIAIS | 3 POSIÇÕES (MANUAL, DESLIGA, AUTOMÁTICO), 1 RELÊ FOTOELÉTRICO, COM BASE, 1 CONJUNTO FUSÍVEL NEOZED 2A, 1 PLAQUETA DE IDENTIFICAÇÃO EM ALUMÍNIO  6 X 3 CM, E BARRAMENTOS
produto;"QUADRO DE COMANDO E PROTEÇÃO DE ILUMINAÇÃO PÚBLICA, TRIFÁSICO 70A, EM ALUMÍNIO, CONTENDO; 1 DISJUNTOR TRIPOLAR 70A, 1 CONTATOR TRIPOLAR 70A, 1 CHAVE COMUTADORA…";3165;PÇ;3587,0000;Grupo orçamento: MATERIAIS | 3 POSIÇÕES (MANUAL, DESLIGA, AUTOMÁTICO), 1 RELÊ FOTOELÉTRICO, COM BASE, 1 CONJUNTO FUSÍVEL NEOZED 2A, 1 PLAQUETA DE IDENTIFICAÇÃO, 6 X 3 CM, EM ALUMÍNIO E BARRAMENTOS
produto;QUADRO DE DISTRIBUIÇÃO, EM CHAPA DE AÇO GALVANIZADO ELETROLITICAMENTE OU EM MATERIAL TERMOPLÁSTICO AUTO EXTINGUÍVEL, COM PORTA, DE SOBREPOR OU DE EMBUTIR, COM…;3166;PÇ;705,3300;Grupo orçamento: MATERIAIS | BARRAMENTO TRIFÁSICO DE COBRE ELETROLÍTICO DE CAPACIDADE ATÉ 100A, ACABAMENTO COM PINTURA EM EPÓXI, COM SUPORTE PARA ATÉ 16 DISJUNTORES MONOPOLARES E UM TRIPOLAR, DIN, DISTÂNCIA ENTRE DISJUNTORES 18MM E DOIS BARRAMENTOS EM COBRE COM, 7 FUROS, PARA O NEUTRO E TERRA, INCLUSO ISOLADORES E PARAFUSOS, NÃO INCLUSO OS DISJUNTORES
produto;REATOR EXTERNO PARA LÂMPADA VAPOR DE SÓDIO 150W, 220V, 60HZ, FATOR DE POTÊNCIA 0,92 (MÍN.), COM IGNITOR TEMPORÁRIO,  GALVANIZADO À FOGO, PERDA MÁXIMA DE 18W;3167;PÇ;136,0000;Grupo orçamento: MATERIAIS
produto;REATOR EXTERNO PARA LÂMPADA VAPOR DE SÓDIO 250W, 220V, 60HZ, FATOR DE POTÊNCIA 0,92 (MÍN.), COM IGNITOR TEMPORÁRIO,  GALVANIZADO À FOGO, PERDA MÁXIMA DE 24W;3168;PÇ;104,4900;Grupo orçamento: MATERIAIS
produto;REATOR EXTERNO PARA LÂMPADA VAPOR DE SÓDIO 400W, 220V, 60HZ, FATOR DE POTÊNCIA 0,92 (MÍN.), COM IGNITOR TEMPORÁRIO,  GALVANIZADO À FOGO, PERDA MÁXIMA DE 32W;3169;PÇ;128,3000;Grupo orçamento: MATERIAIS
produto;REATOR EXTERNO PARA LÂMPADA VAPOR DE SÓDIO 70W, 220V, 60HZ, FATOR DE POTÊNCIA 0,92 (MÍN.), COM IGNITOR TEMPORÁRIO, GALVANIZADO À FOGO, PERDA MÁXIMA DE 12W;3170;PÇ;134,0000;Grupo orçamento: MATERIAIS
produto;REATOR INTERNO PARA LÂMPADA VAPOR DE SÓDIO 100W, 220V, 60HZ, FATOR DE POTÊNCIA 0,92 (MÍN.), COM IGNITOR, PERDA MÁXIMA 14W;3171;PÇ;52,2900;Grupo orçamento: MATERIAIS
produto;REATOR INTERNO PARA LÂMPADA VAPOR DE SÓDIO 150W, 220V, 60HZ, FATOR DE POTÊNCIA 0,92 (MÍN.), COM IGNITOR INCORPORADO, PERDA MÁXIMA 18W;3172;PÇ;70,6700;Grupo orçamento: MATERIAIS
produto;REATOR INTERNO PARA LÂMPADA VAPOR DE SÓDIO 250W, 220V, 60HZ, FATOR DE POTÊNCIA 0,92 (MÍN.), COM IGNITOR INCORPORADO, PERDA MÁXIMA 24W;3173;PÇ;91,4200;Grupo orçamento: MATERIAIS
produto;REATOR INTERNO PARA LÂMPADA VAPOR DE SÓDIO 400W, 220V, 60HZ, FATOR DE POTÊNCIA 0,92 (MÍN.), COM IGNITOR INCORPORADO, PERDA MÁXIMA 32W;3174;PÇ;122,7100;Grupo orçamento: MATERIAIS
produto;REATOR INTERNO PARA LÂMPADA VAPOR DE SÓDIO 600W, 220V, 60HZ, FATOR DE POTÊNCIA 0,92 (MÍN.), COM IGNITOR INCORPORADO, PERDA MÁXIMA 50W, CONFORME NORMA ABNT/NBR…;3175;PÇ;122,7100;Grupo orçamento: MATERIAIS | 13593
produto;REATOR INTERNO PARA LÂMPADA VAPOR DE SÓDIO 70W, 220V, 60HZ, FATOR DE POTÊNCIA 0,92 (MÍN.), COM IGNITOR INCORPORADO, PERDA MÁXIMA 12W;3176;PÇ;52,2900;Grupo orçamento: MATERIAIS
produto;REATOR INTERNO PARA LÂMPADA VAPOR METÁLICO 1.000W, 220V, 60HZ, ALTO FATOR DE POTÊNCIA, COM IGNITOR INCORPORADO, PERDA MÁXIMA DE 90W,  CONFORME NORMA ABNT/NBR 1…;3177;PÇ;421,0000;Grupo orçamento: MATERIAIS | 4305
produto;REATOR INTERNO PARA LÂMPADA VAPOR METÁLICO 250W, 220V, 60HZ, ALTO FATOR DE POTÊNCIA 0,92 (MÍN.), COM IGNITOR INCORPORADO, PERDA MÁXIMA DE 30W, CONFORME NORMA A…;3178;PÇ;90,4000;Grupo orçamento: MATERIAIS | BNT/NBR 14305
produto;REATOR INTERNO PARA LÂMPADA VAPOR METÁLICO 400W, 220V, 60HZ, ALTO FATOR DE POTÊNCIA, COM IGNITOR INCORPORADO, PERDA MÁXIMA DE 38W,  CONFORME NORMA ABNT/NBR 143…;3179;PÇ;105,5600;Grupo orçamento: MATERIAIS | 05
produto;RELÉ FOTOELÉTRICO ELETRÔNICO, NF, TAMPA EM POLICARBONATO COM PROTEÇÃO UV, CONTATOS EM LATÃO ESTANHADO, TENSÃO NOMINAL 105 - 305 VCA, 1.800 VA, 60 HZ, ACIONAMEN…;3180;PÇ;40,5000;Grupo orçamento: MATERIAIS | TO COM COM RETARDO DE 2 À 5 S PARA LIGAR, LIGA COM ILUMINAÇÃO MENOR QUE 10 LUX E DESLIGAMENTO MÁXIMO ATÉ 30 LUX, GRAU DE PROTEÇÃO IP 67
produto;TAMPA DE FERRO FUNDIDO NODULAR, DIMENSÕES 65X45X5CM, COM GUARNIÇÃO, 125 KN;3181;PÇ;755,5400;Grupo orçamento: MATERIAIS
produto;TAMPA METÁLICA, COM PARAFUSOS, PARA CAIXA DE FUSÍVEIS DE POSTES DE CONCRETO E DE AÇO;3182;PÇ;96,2900;Grupo orçamento: MATERIAIS
produto;"TUBO DE AÇO GALVANIZADO À FOGO, TIPO PESADO, DIÂMETRO 1 1/2""";3183;M;76,0000;Grupo orçamento: MATERIAIS
servico;ELABORAÇÃO DE PROJETOS ELÉTRICOS;4.1;HR;120,9200;Projetos complementares | Grupo orçamento: PROJETOS COMPLEMENTARES
produto;Dispositivos de proteção contra subtensão e sobretensão permanentes: Trata-se de um dispositivo tipo relé de subtensão e sobretensão, que desliga a luminária e…;5.1;PÇ;298,6200;Grupo orçamento: ITENS NOVOS - DISPOSITIVOS DE PROTEÇÃO - MATERIAIS ELÉTRICOS | /ou o relé de telegestão enquanto permanecer em estado de subtensão ou sobretensão permanentes e oferece aos gestores ou operadores da iluminação pública a possibilidade de reduzir os prejuízos causados pela queima prematura das luminárias de LED e de relés de telegestão, garantindo assim maior vida útil e a continuidade do serviço de iluminação pública. Quando a tensão elétrica da rede retorna para níveis acima de…
produto;Dispositivos de proteção contra vazamento de corrente elétrica: Trata-se de um dispositivo que visa a proteção elétrica contra vazamento de corrente elétrica,…;5.2;PÇ;317,4950;"Grupo orçamento: ITENS NOVOS - DISPOSITIVOS DE PROTEÇÃO - MATERIAIS ELÉTRICOS | o dispositivo efetua o desligamento da luminária e/ou poste de iluminação quando o mesmo apresenta vazamento de corrente elétrica igual ou superior a 30 mA. O dispositivo de proteção deverá ter, minimamente, as seguintes especificações técnicas: - Range de tensão:160-270 Vac; - Frequência da rede: 60 Hz; - Grau de proteção: IP68; -Corrente máxima admissível: 5 A; - Corrente de fuga de bloqueio < 30mA; - Tempo de blo…"
